ID_PARENT,ID_ENFANT
P0001,E07424
P0002,E07394
P0003,E02529
P0004,E07904
P0005,E00607
P0006,E06287
P0007,E00447
P0008,E06509
P0009,E00095
P0010,E02115
P0011,E02737
P0012,E01468
P0013,E09721
P0014,E07879
P0015,E07273
P0016,E07809
P0017,E02132
P0018,E07332
P0019,E01728
P0020,E07693
P0021,E05989
P0022,E01463
P0023,E04734
P0024,E02755
P0025,E06223
P0026,E09762
P0027,E01709
P0028,E03016
P0029,E03353
P0030,E01910
P0031,E06797
P0032,E06744
P0033,E08158
P0034,E04419
P0035,E08334
P0036,E09479
P0037,E06698
P0038,E07073
P0039,E05313
P0040,E02846
P0041,E03574
P0042,E02810
P0043,E04554
P0044,E04909
P0045,E01531
P0046,E09540
P0047,E06871
P0048,E02194
P0049,E00188
P0050,E04788
P0051,E00732
P0052,E06469
P0053,E08533
P0054,E04508
P0055,E08112
P0056,E00971
P0057,E08947
P0058,E00428
P0059,E00141
P0060,E02750
P0061,E05725
P0062,E03112
P0063,E00114
P0064,E08530
P0065,E06121
P0066,E07120
P0067,E07098
P0068,E07181
P0069,E00149
P0070,E09700
P0071,E07560
P0072,E08271
P0073,E09780
P0074,E00932
P0075,E02868
P0076,E05005
P0077,E02237
P0078,E09109
P0079,E08521
P0080,E05539
P0081,E02674
P0082,E06029
P0083,E06205
P0084,E02738
P0085,E05363
P0086,E08413
P0087,E05247
P0088,E00432
P0089,E01562
P0090,E08448
P0091,E05628
P0092,E04221
P0093,E07218
P0094,E06411
P0095,E03619
P0096,E07102
P0097,E00426
P0098,E00115
P0099,E08874
P0100,E04016
P0101,E05498
P0102,E02201
P0103,E00113
P0104,E00972
P0105,E02203
P0106,E00013
P0107,E02795
P0108,E04215
P0109,E01648
P0110,E09897
P0111,E03724
P0112,E09434
P0113,E02384
P0114,E10000
P0115,E01930
P0116,E05547
P0117,E07926
P0118,E04906
P0119,E06219
P0120,E05394
P0121,E00130
P0122,E06741
P0123,E09247
P0124,E06792
P0125,E00307
P0126,E09702
P0127,E05790
P0128,E01869
P0129,E06177
P0130,E08458
P0131,E05849
P0132,E02885
P0133,E07330
P0134,E04292
P0135,E07173
P0136,E00596
P0137,E06961
P0138,E02346
P0139,E04916
P0140,E01551
P0141,E02755
P0142,E08999
P0143,E06325
P0144,E08044
P0145,E04471
P0146,E00709
P0147,E07879
P0148,E07417
P0149,E05866
P0150,E09404
P0151,E03322
P0152,E00376
P0153,E02848
P0154,E06466
P0155,E01060
P0156,E07432
P0157,E01901
P0158,E06022
P0159,E06424
P0160,E06409
P0161,E03672
P0162,E04544
P0163,E00135
P0164,E03117
P0165,E05804
P0166,E00034
P0167,E04449
P0168,E02337
P0169,E08462
P0170,E03260
P0171,E09767
P0172,E06930
P0173,E05966
P0174,E08133
P0175,E04930
P0176,E00385
P0177,E05867
P0178,E00871
P0179,E01862
P0180,E01638
P0181,E01772
P0182,E05290
P0183,E01955
P0184,E06703
P0185,E08300
P0186,E02609
P0187,E08807
P0188,E01041
P0189,E00910
P0190,E09073
P0191,E00186
P0192,E06446
P0193,E05500
P0194,E06891
P0195,E07456
P0196,E01745
P0197,E09421
P0198,E06630
P0199,E09613
P0200,E04071
P0201,E05423
P0202,E06847
P0203,E03023
P0204,E08659
P0205,E04275
P0206,E09221
P0207,E06165
P0208,E00971
P0209,E05603
P0210,E06515
P0211,E02052
P0212,E08547
P0213,E01734
P0214,E02601
P0215,E00756
P0216,E02264
P0217,E07268
P0218,E03713
P0219,E09691
P0220,E05331
P0221,E07760
P0222,E06372
P0223,E06432
P0224,E05471
P0225,E00503
P0226,E08863
P0227,E05854
P0228,E09331
P0229,E00301
P0230,E00606
P0231,E08456
P0232,E06727
P0233,E00447
P0234,E02890
P0235,E00068
P0236,E05699
P0237,E04838
P0238,E03137
P0239,E08741
P0240,E09533
P0241,E07717
P0242,E01349
P0243,E05718
P0244,E00527
P0245,E08629
P0246,E06708
P0247,E06951
P0248,E01786
P0249,E07196
P0250,E04104
P0251,E08323
P0252,E08218
P0253,E07986
P0254,E00044
P0255,E00540
P0256,E04348
P0257,E02749
P0258,E09156
P0259,E05877
P0260,E01861
P0261,E09407
P0262,E06205
P0263,E06387
P0264,E07700
P0265,E01027
P0266,E06570
P0267,E01940
P0268,E02668
P0269,E09874
P0270,E01533
P0271,E09383
P0272,E07139
P0273,E01944
P0274,E02533
P0275,E07475
P0276,E00662
P0277,E09005
P0278,E08799
P0279,E07733
P0280,E09901
P0281,E08691
P0282,E09342
P0283,E09101
P0284,E03762
P0285,E00336
P0286,E07829
P0287,E05676
P0288,E08008
P0289,E09188
P0290,E03107
P0291,E02136
P0292,E08527
P0293,E02804
P0294,E01964
P0295,E07968
P0296,E02621
P0297,E06528
P0298,E03819
P0299,E04330
P0300,E03565
P0301,E05431
P0302,E04395
P0303,E07057
P0304,E03028
P0305,E09293
P0306,E08042
P0307,E08632
P0308,E02750
P0309,E00417
P0310,E05319
P0311,E02216
P0312,E09327
P0313,E00042
P0314,E05902
P0315,E04328
P0316,E01161
P0317,E03393
P0318,E03813
P0319,E03873
P0320,E00782
P0321,E08012
P0322,E04878
P0323,E02799
P0324,E05893
P0325,E04639
P0326,E09159
P0327,E00801
P0328,E03036
P0329,E08286
P0330,E08778
P0331,E02567
P0332,E08923
P0333,E00336
P0334,E02535
P0335,E02940
P0336,E09756
P0337,E03117
P0338,E00023
P0339,E00167
P0340,E01990
P0341,E00409
P0342,E02789
P0343,E00786
P0344,E00120
P0345,E05926
P0346,E05118
P0347,E07050
P0348,E03832
P0349,E07050
P0350,E09083
P0351,E08769
P0352,E09368
P0353,E08980
P0354,E07779
P0355,E08852
P0356,E09351
P0357,E03865
P0358,E02897
P0359,E07843
P0360,E05191
P0361,E06354
P0362,E03201
P0363,E04570
P0364,E01844
P0365,E01509
P0366,E01781
P0367,E08130
P0368,E09876
P0369,E04527
P0370,E05426
P0371,E08347
P0372,E06140
P0373,E02720
P0374,E07378
P0375,E09541
P0376,E07282
P0377,E08752
P0378,E04101
P0379,E04294
P0380,E05004
P0381,E08978
P0382,E04345
P0383,E05853
P0384,E08409
P0385,E03021
P0386,E07002
P0387,E01521
P0388,E07525
P0389,E06411
P0390,E05766
P0391,E06444
P0392,E07665
P0393,E08011
P0394,E01582
P0395,E06406
P0396,E07302
P0397,E06656
P0398,E07429
P0399,E07687
P0400,E07241
P0401,E03531
P0402,E03843
P0403,E06275
P0404,E01388
P0405,E00032
P0406,E00501
P0407,E00933
P0408,E05520
P0409,E02798
P0410,E02289
P0411,E09159
P0412,E09412
P0413,E03942
P0414,E02436
P0415,E01193
P0416,E00484
P0417,E00505
P0418,E07551
P0419,E08511
P0420,E00764
P0421,E03795
P0422,E05337
P0423,E09817
P0424,E00259
P0425,E07645
P0426,E07927
P0427,E09516
P0428,E01839
P0429,E00265
P0430,E00054
P0431,E08232
P0432,E01976
P0433,E00665
P0434,E06512
P0435,E00363
P0436,E06347
P0437,E00538
P0438,E02573
P0439,E04530
P0440,E03547
P0441,E05416
P0442,E01577
P0443,E06422
P0444,E01600
P0445,E04646
P0446,E07282
P0447,E07756
P0448,E05905
P0449,E06453
P0450,E02443
P0451,E05846
P0452,E02168
P0453,E02699
P0454,E01291
P0455,E01143
P0456,E07529
P0457,E01356
P0458,E08832
P0459,E06832
P0460,E02908
P0461,E08209
P0462,E05129
P0463,E04849
P0464,E01712
P0465,E00652
P0466,E03478
P0467,E08700
P0468,E00117
P0469,E05463
P0470,E03370
P0471,E02521
P0472,E02153
P0473,E00215
P0474,E03021
P0475,E02062
P0476,E05606
P0477,E05576
P0478,E05381
P0479,E03333
P0480,E04423
P0481,E09439
P0482,E04063
P0483,E06799
P0484,E04052
P0485,E09117
P0486,E09236
P0487,E02786
P0488,E03870
P0489,E06154
P0490,E03190
P0491,E05517
P0492,E04966
P0493,E05768
P0494,E03833
P0495,E00242
P0496,E09665
P0497,E08684
P0498,E08433
P0499,E09365
P0500,E09987
P0501,E07084
P0502,E09806
P0503,E02903
P0504,E00861
P0505,E01079
P0506,E01895
P0507,E08674
P0508,E04496
P0509,E05518
P0510,E08706
P0511,E08505
P0512,E04221
P0513,E02168
P0514,E04460
P0515,E04197
P0516,E05587
P0517,E04038
P0518,E02410
P0519,E00527
P0520,E05195
P0521,E03639
P0522,E04262
P0523,E09615
P0524,E04655
P0525,E03651
P0526,E08434
P0527,E00424
P0528,E00881
P0529,E08419
P0530,E05512
P0531,E09918
P0532,E05070
P0533,E01947
P0534,E00225
P0535,E00425
P0536,E05684
P0537,E04873
P0538,E07799
P0539,E06030
P0540,E00948
P0541,E06502
P0542,E09225
P0543,E04754
P0544,E05589
P0545,E00414
P0546,E08137
P0547,E07601
P0548,E08375
P0549,E06852
P0550,E04762
P0551,E09355
P0552,E04627
P0553,E04564
P0554,E04813
P0555,E08269
P0556,E09278
P0557,E00250
P0558,E04705
P0559,E08987
P0560,E08273
P0561,E02836
P0562,E06433
P0563,E03004
P0564,E03451
P0565,E03681
P0566,E09147
P0567,E00310
P0568,E00437
P0569,E01598
P0570,E08714
P0571,E08005
P0572,E09343
P0573,E07430
P0574,E08933
P0575,E01894
P0576,E08099
P0577,E02872
P0578,E00815
P0579,E01667
P0580,E05669
P0581,E00272
P0582,E04804
P0583,E07956
P0584,E07054
P0585,E04693
P0586,E08246
P0587,E00737
P0588,E02311
P0589,E00357
P0590,E07595
P0591,E03581
P0592,E04391
P0593,E02121
P0594,E07993
P0595,E05337
P0596,E07371
P0597,E01297
P0598,E06986
P0599,E03399
P0600,E03927
P0601,E00403
P0602,E06507
P0603,E09951
P0604,E08835
P0605,E08489
P0606,E03668
P0607,E03823
P0608,E09202
P0609,E09027
P0610,E01478
P0611,E03024
P0612,E03007
P0613,E07738
P0614,E04462
P0615,E00028
P0616,E07828
P0617,E03671
P0618,E07150
P0619,E04359
P0620,E09049
P0621,E02209
P0622,E08364
P0623,E01847
P0624,E02494
P0625,E09481
P0626,E03229
P0627,E03805
P0628,E04153
P0629,E08932
P0630,E03753
P0631,E00268
P0632,E05124
P0633,E01681
P0634,E06168
P0635,E02935
P0636,E03245
P0637,E07667
P0638,E02148
P0639,E07770
P0640,E04262
P0641,E02574
P0642,E02889
P0643,E05640
P0644,E08518
P0645,E04684
P0646,E03348
P0647,E05482
P0648,E07506
P0649,E04072
P0650,E05481
P0651,E09123
P0652,E08518
P0653,E01991
P0654,E06494
P0655,E00722
P0656,E05699
P0657,E09043
P0658,E04405
P0659,E01828
P0660,E03751
P0661,E05096
P0662,E08696
P0663,E05370
P0664,E09059
P0665,E05605
P0666,E02050
P0667,E09374
P0668,E00433
P0669,E07595
P0670,E09074
P0671,E00373
P0672,E05373
P0673,E04973
P0674,E08369
P0675,E09185
P0676,E09512
P0677,E08138
P0678,E02055
P0679,E00975
P0680,E02343
P0681,E00303
P0682,E04459
P0683,E04219
P0684,E00561
P0685,E02951
P0686,E05351
P0687,E01502
P0688,E05668
P0689,E09895
P0690,E07136
P0691,E00873
P0692,E06417
P0693,E05210
P0694,E04608
P0695,E04866
P0696,E07169
P0697,E09805
P0698,E01214
P0699,E08717
P0700,E01778
P0701,E06727
P0702,E04717
P0703,E03816
P0704,E07680
P0705,E08165
P0706,E01154
P0707,E09520
P0708,E09825
P0709,E02318
P0710,E02258
P0711,E09305
P0712,E07257
P0713,E01654
P0714,E07901
P0715,E08105
P0716,E09537
P0717,E03707
P0718,E01786
P0719,E09869
P0720,E07787
P0721,E02444
P0722,E08216
P0723,E05228
P0724,E05374
P0725,E00886
P0726,E04041
P0727,E05170
P0728,E04058
P0729,E03549
P0730,E01548
P0731,E03106
P0732,E07226
P0733,E06659
P0734,E09704
P0735,E05421
P0736,E06405
P0737,E09143
P0738,E06405
P0739,E07219
P0740,E02251
P0741,E08369
P0742,E01417
P0743,E05301
P0744,E09749
P0745,E08239
P0746,E03423
P0747,E09683
P0748,E04129
P0749,E07793
P0750,E07329
P0751,E05232
P0752,E08578
P0753,E03827
P0754,E02941
P0755,E03800
P0756,E01222
P0757,E00850
P0758,E04033
P0759,E06716
P0760,E07600
P0761,E01260
P0762,E01192
P0763,E07964
P0764,E00283
P0765,E08906
P0766,E03437
P0767,E00157
P0768,E02273
P0769,E07441
P0770,E02136
P0771,E03665
P0772,E05639
P0773,E08666
P0774,E06248
P0775,E06817
P0776,E07027
P0777,E00093
P0778,E06252
P0779,E01083
P0780,E03374
P0781,E09721
P0782,E03158
P0783,E01085
P0784,E02423
P0785,E07924
P0786,E03666
P0787,E05405
P0788,E02571
P0789,E02406
P0790,E01785
P0791,E04128
P0792,E07296
P0793,E06228
P0794,E06166
P0795,E02885
P0796,E07350
P0797,E07904
P0798,E04356
P0799,E04154
P0800,E07047
P0801,E05945
P0802,E02255
P0803,E03769
P0804,E09646
P0805,E06225
P0806,E04127
P0807,E05086
P0808,E03332
P0809,E04931
P0810,E09047
P0811,E06636
P0812,E03416
P0813,E00895
P0814,E03853
P0815,E05791
P0816,E03797
P0817,E08250
P0818,E07298
P0819,E04405
P0820,E07213
P0821,E03939
P0822,E00454
P0823,E04577
P0824,E03310
P0825,E06987
P0826,E09173
P0827,E05742
P0828,E09008
P0829,E00590
P0830,E04705
P0831,E00567
P0832,E00955
P0833,E08381
P0834,E00849
P0835,E00293
P0836,E04107
P0837,E01593
P0838,E05232
P0839,E02851
P0840,E01743
P0841,E03179
P0842,E03631
P0843,E05552
P0844,E06442
P0845,E00669
P0846,E09858
P0847,E01438
P0848,E05169
P0849,E02086
P0850,E06567
P0851,E09929
P0852,E08929
P0853,E07571
P0854,E06734
P0855,E01482
P0856,E03942
P0857,E00558
P0858,E06931
P0859,E04187
P0860,E02185
P0861,E05538
P0862,E06356
P0863,E08819
P0864,E08477
P0865,E07293
P0866,E00819
P0867,E05829
P0868,E09083
P0869,E03248
P0870,E04403
P0871,E07431
P0872,E06474
P0873,E05100
P0874,E05309
P0875,E04380
P0876,E07231
P0877,E07680
P0878,E09835
P0879,E04864
P0880,E05628
P0881,E01977
P0882,E03288
P0883,E04555
P0884,E05054
P0885,E06252
P0886,E05915
P0887,E05780
P0888,E00945
P0889,E02318
P0890,E05185
P0891,E06533
P0892,E09215
P0893,E07161
P0894,E06625
P0895,E06389
P0896,E00650
P0897,E06313
P0898,E05286
P0899,E00083
P0900,E09269
P0901,E04222
P0902,E05567
P0903,E04842
P0904,E06485
P0905,E08677
P0906,E08247
P0907,E01769
P0908,E00343
P0909,E07186
P0910,E08172
P0911,E04412
P0912,E02874
P0913,E08282
P0914,E06686
P0915,E09954
P0916,E09523
P0917,E06506
P0918,E03860
P0919,E06409
P0920,E05329
P0921,E07778
P0922,E00384
P0923,E06484
P0924,E04345
P0925,E02032
P0926,E04221
P0927,E02648
P0928,E06025
P0929,E03752
P0930,E00463
P0931,E08617
P0932,E01812
P0933,E03268
P0934,E01051
P0935,E04607
P0936,E08278
P0937,E08934
P0938,E01308
P0939,E02799
P0940,E04311
P0941,E01117
P0942,E01457
P0943,E06533
P0944,E07190
P0945,E07749
P0946,E06786
P0947,E08273
P0948,E08657
P0949,E09011
P0950,E08505
P0951,E09737
P0952,E07321
P0953,E05137
P0954,E04590
P0955,E07108
P0956,E01984
P0957,E06341
P0958,E08273
P0959,E02844
P0960,E00659
P0961,E03630
P0962,E07713
P0963,E05893
P0964,E04954
P0965,E01557
P0966,E07775
P0967,E05991
P0968,E08436
P0969,E09813
P0970,E04676
P0971,E04339
P0972,E01612
P0973,E03442
P0974,E00813
P0975,E02382
P0976,E07379
P0977,E04688
P0978,E05903
P0979,E08478
P0980,E05958
P0981,E04572
P0982,E08165
P0983,E08747
P0984,E06014
P0985,E03621
P0986,E07621
P0987,E00297
P0988,E03942
P0989,E02668
P0990,E08437
P0991,E04790
P0992,E04471
P0993,E04563
P0994,E08943
P0995,E04018
P0996,E01267
P0997,E05181
P0998,E06869
P0999,E04182
P1000,E09687
P1001,E09706
P1002,E04692
P1003,E01908
P1004,E09036
P1005,E01851
P1006,E07645
P1007,E05206
P1008,E00650
P1009,E01186
P1010,E00100
P1011,E09014
P1012,E04448
P1013,E05595
P1014,E03097
P1015,E05837
P1016,E01309
P1017,E04902
P1018,E06501
P1019,E08134
P1020,E02148
P1021,E03226
P1022,E06292
P1023,E04571
P1024,E06433
P1025,E08842
P1026,E00712
P1027,E04561
P1028,E00428
P1029,E04669
P1030,E00522
P1031,E05705
P1032,E00642
P1033,E04083
P1034,E09301
P1035,E05131
P1036,E03754
P1037,E03821
P1038,E01247
P1039,E07015
P1040,E02078
P1041,E03237
P1042,E02936
P1043,E03898
P1044,E08180
P1045,E00296
P1046,E01255
P1047,E08357
P1048,E08519
P1049,E02254
P1050,E02646
P1051,E06748
P1052,E02667
P1053,E04576
P1054,E01663
P1055,E00646
P1056,E05593
P1057,E04337
P1058,E02129
P1059,E07418
P1060,E03316
P1061,E08731
P1062,E06085
P1063,E02427
P1064,E01209
P1065,E06338
P1066,E08074
P1067,E07272
P1068,E03496
P1069,E09190
P1070,E09347
P1071,E08672
P1072,E08406
P1073,E07873
P1074,E08734
P1075,E08284
P1076,E03908
P1077,E05846
P1078,E01605
P1079,E00474
P1080,E05616
P1081,E09109
P1082,E09223
P1083,E09333
P1084,E04846
P1085,E07924
P1086,E05566
P1087,E06718
P1088,E00814
P1089,E04593
P1090,E00159
P1091,E05479
P1092,E05261
P1093,E07776
P1094,E05166
P1095,E05343
P1096,E02266
P1097,E09613
P1098,E03476
P1099,E00737
P1100,E03120
P1101,E00451
P1102,E00725
P1103,E02272
P1104,E04867
P1105,E08550
P1106,E05876
P1107,E00042
P1108,E07450
P1109,E02194
P1110,E02720
P1111,E08776
P1112,E05444
P1113,E08388
P1114,E02555
P1115,E00329
P1116,E07722
P1117,E05831
P1118,E00148
P1119,E07968
P1120,E04407
P1121,E02177
P1122,E04292
P1123,E00424
P1124,E04061
P1125,E06728
P1126,E06179
P1127,E01459
P1128,E09544
P1129,E05833
P1130,E01176
P1131,E07384
P1132,E04828
P1133,E09056
P1134,E01180
P1135,E09099
P1136,E03721
P1137,E09640
P1138,E00794
P1139,E02083
P1140,E08824
P1141,E06726
P1142,E08047
P1143,E05114
P1144,E03597
P1145,E07498
P1146,E08014
P1147,E00964
P1148,E07846
P1149,E06459
P1150,E08252
P1151,E06870
P1152,E02976
P1153,E07949
P1154,E05886
P1155,E02070
P1156,E09152
P1157,E04154
P1158,E08306
P1159,E05052
P1160,E01855
P1161,E01095
P1162,E07818
P1163,E02577
P1164,E03418
P1165,E09645
P1166,E02771
P1167,E07968
P1168,E06392
P1169,E05054
P1170,E03909
P1171,E03727
P1172,E08769
P1173,E04114
P1174,E01331
P1175,E03460
P1176,E06513
P1177,E08154
P1178,E00089
P1179,E03652
P1180,E07586
P1181,E08725
P1182,E02405
P1183,E00976
P1184,E00550
P1185,E03377
P1186,E03516
P1187,E04144
P1188,E02198
P1189,E00126
P1190,E05893
P1191,E07278
P1192,E03812
P1193,E05368
P1194,E06002
P1195,E08512
P1196,E09259
P1197,E00098
P1198,E02133
P1199,E06074
P1200,E07508
P1201,E05662
P1202,E02093
P1203,E02206
P1204,E07903
P1205,E08958
P1206,E08648
P1207,E03790
P1208,E08325
P1209,E08397
P1210,E00403
P1211,E01906
P1212,E04082
P1213,E07305
P1214,E07563
P1215,E03685
P1216,E08941
P1217,E02275
P1218,E00318
P1219,E08491
P1220,E06648
P1221,E05860
P1222,E09957
P1223,E04544
P1224,E05414
P1225,E06667
P1226,E00418
P1227,E01675
P1228,E08993
P1229,E09802
P1230,E05273
P1231,E06516
P1232,E07989
P1233,E00633
P1234,E06542
P1235,E02161
P1236,E07127
P1237,E09970
P1238,E04017
P1239,E02272
P1240,E03664
P1241,E02922
P1242,E06726
P1243,E05980
P1244,E03011
P1245,E00759
P1246,E07868
P1247,E00567
P1248,E08504
P1249,E01790
P1250,E05387
P1251,E08349
P1252,E03100
P1253,E01439
P1254,E02504
P1255,E09745
P1256,E06327
P1257,E08963
P1258,E00113
P1259,E02522
P1260,E05468
P1261,E00855
P1262,E05271
P1263,E09567
P1264,E09281
P1265,E05258
P1266,E00161
P1267,E08189
P1268,E01198
P1269,E02718
P1270,E04567
P1271,E04197
P1272,E09448
P1273,E03096
P1274,E06767
P1275,E04520
P1276,E04924
P1277,E04783
P1278,E03508
P1279,E04939
P1280,E01997
P1281,E04880
P1282,E08291
P1283,E04815
P1284,E08256
P1285,E08616
P1286,E01649
P1287,E01459
P1288,E00872
P1289,E05828
P1290,E01324
P1291,E07378
P1292,E06193
P1293,E05083
P1294,E02585
P1295,E06243
P1296,E04083
P1297,E07986
P1298,E08747
P1299,E04150
P1300,E09391
P1301,E03281
P1302,E03553
P1303,E02704
P1304,E05654
P1305,E08452
P1306,E04556
P1307,E04186
P1308,E09638
P1309,E09880
P1310,E04919
P1311,E08411
P1312,E05813
P1313,E03634
P1314,E08963
P1315,E01184
P1316,E09244
P1317,E02877
P1318,E06445
P1319,E04122
P1320,E01974
P1321,E07090
P1322,E04232
P1323,E08212
P1324,E08915
P1325,E00871
P1326,E00361
P1327,E03455
P1328,E08547
P1329,E01996
P1330,E09771
P1331,E06187
P1332,E00009
P1333,E07420
P1334,E04872
P1335,E05730
P1336,E00226
P1337,E08241
P1338,E01550
P1339,E07413
P1340,E02079
P1341,E02358
P1342,E07411
P1343,E08485
P1344,E02628
P1345,E07488
P1346,E08026
P1347,E08416
P1348,E07295
P1349,E01071
P1350,E02742
P1351,E02685
P1352,E02335
P1353,E00073
P1354,E02695
P1355,E04849
P1356,E02050
P1357,E02676
P1358,E09414
P1359,E00620
P1360,E06971
P1361,E07818
P1362,E03643
P1363,E04110
P1364,E09122
P1365,E01061
P1366,E00537
P1367,E09084
P1368,E05355
P1369,E08203
P1370,E09145
P1371,E06268
P1372,E04281
P1373,E09074
P1374,E01395
P1375,E06118
P1376,E07414
P1377,E09183
P1378,E03635
P1379,E03456
P1380,E08988
P1381,E07213
P1382,E09982
P1383,E03641
P1384,E02383
P1385,E02127
P1386,E06843
P1387,E08859
P1388,E05219
P1389,E07111
P1390,E08056
P1391,E03664
P1392,E00367
P1393,E09067
P1394,E09375
P1395,E01484
P1396,E07809
P1397,E01300
P1398,E04547
P1399,E06390
P1400,E04977
P1401,E09586
P1402,E03755
P1403,E08055
P1404,E07519
P1405,E00150
P1406,E04149
P1407,E06652
P1408,E01605
P1409,E08738
P1410,E04807
P1411,E02050
P1412,E01324
P1413,E04564
P1414,E06595
P1415,E07846
P1416,E02284
P1417,E09175
P1418,E09610
P1419,E09650
P1420,E07065
P1421,E08964
P1422,E04193
P1423,E04735
P1424,E01060
P1425,E01681
P1426,E06073
P1427,E02560
P1428,E06152
P1429,E03216
P1430,E07023
P1431,E09580
P1432,E08643
P1433,E04726
P1434,E03331
P1435,E09817
P1436,E03757
P1437,E03896
P1438,E04157
P1439,E07174
P1440,E01780
P1441,E02043
P1442,E00522
P1443,E01653
P1444,E00969
P1445,E08906
P1446,E04864
P1447,E09580
P1448,E02396
P1449,E02642
P1450,E07420
P1451,E01711
P1452,E05836
P1453,E04839
P1454,E00761
P1455,E05758
P1456,E06353
P1457,E02256
P1458,E06629
P1459,E09567
P1460,E02796
P1461,E01276
P1462,E01375
P1463,E05156
P1464,E08969
P1465,E03384
P1466,E02995
P1467,E05240
P1468,E00233
P1469,E09891
P1470,E03099
P1471,E08687
P1472,E04155
P1473,E04320
P1474,E01947
P1475,E03452
P1476,E04093
P1477,E06813
P1478,E08592
P1479,E02151
P1480,E03056
P1481,E07136
P1482,E05951
P1483,E02925
P1484,E06953
P1485,E02304
P1486,E08394
P1487,E05535
P1488,E05758
P1489,E06932
P1490,E02026
P1491,E00810
P1492,E05808
P1493,E05288
P1494,E08875
P1495,E03258
P1496,E00590
P1497,E04680
P1498,E04304
P1499,E06150
P1500,E04413
P1501,E05081
P1502,E08349
P1503,E03578
P1504,E01231
P1505,E01507
P1506,E04795
P1507,E02627
P1508,E07384
P1509,E00350
P1510,E06211
P1511,E05978
P1512,E09092
P1513,E03337
P1514,E09520
P1515,E06923
P1516,E09999
P1517,E00854
P1518,E04625
P1519,E00694
P1520,E02491
P1521,E08370
P1522,E05642
P1523,E07585
P1524,E01492
P1525,E02773
P1526,E05547
P1527,E00850
P1528,E05428
P1529,E00369
P1530,E01858
P1531,E09937
P1532,E02029
P1533,E05382
P1534,E08054
P1535,E01377
P1536,E06744
P1537,E02064
P1538,E01627
P1539,E00932
P1540,E09092
P1541,E00942
P1542,E02232
P1543,E09463
P1544,E09726
P1545,E06293
P1546,E01588
P1547,E02406
P1548,E02638
P1549,E07463
P1550,E08888
P1551,E00879
P1552,E06936
P1553,E04110
P1554,E03650
P1555,E00005
P1556,E05779
P1557,E01796
P1558,E06864
P1559,E06567
P1560,E02808
P1561,E05077
P1562,E04649
P1563,E06143
P1564,E09253
P1565,E03671
P1566,E06063
P1567,E06822
P1568,E01649
P1569,E05241
P1570,E00685
P1571,E00031
P1572,E02892
P1573,E07171
P1574,E09624
P1575,E05515
P1576,E05877
P1577,E09179
P1578,E04223
P1579,E09246
P1580,E01432
P1581,E08611
P1582,E01932
P1583,E03518
P1584,E07790
P1585,E03450
P1586,E09717
P1587,E04872
P1588,E05408
P1589,E04277
P1590,E09610
P1591,E04889
P1592,E05255
P1593,E04513
P1594,E07949
P1595,E00126
P1596,E01353
P1597,E07744
P1598,E09482
P1599,E01911
P1600,E05330
P1601,E06540
P1602,E09555
P1603,E01669
P1604,E07800
P1605,E07486
P1606,E08524
P1607,E03556
P1608,E01943
P1609,E02379
P1610,E05577
P1611,E01927
P1612,E07929
P1613,E02420
P1614,E01222
P1615,E01026
P1616,E07465
P1617,E08089
P1618,E06589
P1619,E01648
P1620,E04302
P1621,E09806
P1622,E06399
P1623,E00704
P1624,E07424
P1625,E03973
P1626,E03243
P1627,E05754
P1628,E03593
P1629,E05936
P1630,E08263
P1631,E04151
P1632,E08439
P1633,E00849
P1634,E02446
P1635,E05446
P1636,E00807
P1637,E06761
P1638,E05492
P1639,E01336
P1640,E08606
P1641,E06887
P1642,E04088
P1643,E06960
P1644,E06416
P1645,E06448
P1646,E04469
P1647,E04684
P1648,E01416
P1649,E03877
P1650,E06779
P1651,E05323
P1652,E00789
P1653,E01777
P1654,E05773
P1655,E07510
P1656,E03113
P1657,E04085
P1658,E03378
P1659,E07092
P1660,E05529
P1661,E02682
P1662,E05965
P1663,E09386
P1664,E06746
P1665,E03564
P1666,E05099
P1667,E02283
P1668,E06618
P1669,E00921
P1670,E05587
P1671,E07358
P1672,E02576
P1673,E02373
P1674,E08919
P1675,E05779
P1676,E07290
P1677,E06075
P1678,E03708
P1679,E02079
P1680,E02605
P1681,E02055
P1682,E03573
P1683,E05074
P1684,E09533
P1685,E05290
P1686,E00396
P1687,E02858
P1688,E05656
P1689,E08356
P1690,E00131
P1691,E02372
P1692,E02932
P1693,E09427
P1694,E06096
P1695,E02916
P1696,E01919
P1697,E06832
P1698,E07921
P1699,E02911
P1700,E05931
P1701,E04406
P1702,E00304
P1703,E05723
P1704,E05819
P1705,E03064
P1706,E09083
P1707,E05992
P1708,E07451
P1709,E05263
P1710,E04023
P1711,E01047
P1712,E06244
P1713,E04517
P1714,E02170
P1715,E05860
P1716,E09622
P1717,E08659
P1718,E09002
P1719,E08734
P1720,E00532
P1721,E03565
P1722,E08655
P1723,E05007
P1724,E02411
P1725,E02887
P1726,E07245
P1727,E07181
P1728,E08434
P1729,E07424
P1730,E02218
P1731,E03664
P1732,E04621
P1733,E06406
P1734,E00262
P1735,E09798
P1736,E06777
P1737,E03953
P1738,E02093
P1739,E07507
P1740,E07700
P1741,E04007
P1742,E03182
P1743,E01612
P1744,E07449
P1745,E09379
P1746,E00087
P1747,E06114
P1748,E00437
P1749,E02850
P1750,E06973
P1751,E01574
P1752,E09996
P1753,E08827
P1754,E08790
P1755,E08989
P1756,E00592
P1757,E06207
P1758,E07288
P1759,E01813
P1760,E07197
P1761,E02726
P1762,E04497
P1763,E02119
P1764,E05073
P1765,E03908
P1766,E00108
P1767,E03863
P1768,E07672
P1769,E05898
P1770,E08896
P1771,E01282
P1772,E01142
P1773,E02868
P1774,E08752
P1775,E06500
P1776,E00487
P1777,E09026
P1778,E07866
P1779,E05816
P1780,E03988
P1781,E04598
P1782,E00385
P1783,E09155
P1784,E03672
P1785,E00124
P1786,E00826
P1787,E09569
P1788,E08046
P1789,E05012
P1790,E06805
P1791,E09457
P1792,E08256
P1793,E05506
P1794,E01066
P1795,E09311
P1796,E06043
P1797,E05064
P1798,E06696
P1799,E01927
P1800,E05879
P1801,E02939
P1802,E06371
P1803,E06633
P1804,E08603
P1805,E01642
P1806,E03661
P1807,E04179
P1808,E06909
P1809,E06918
P1810,E04672
P1811,E03538
P1812,E03268
P1813,E06047
P1814,E00735
P1815,E08341
P1816,E04399
P1817,E05093
P1818,E07222
P1819,E05796
P1820,E00680
P1821,E00145
P1822,E08616
P1823,E07319
P1824,E05038
P1825,E01117
P1826,E05856
P1827,E09290
P1828,E08329
P1829,E08428
P1830,E05902
P1831,E06108
P1832,E08447
P1833,E07301
P1834,E07430
P1835,E09255
P1836,E00001
P1837,E04854
P1838,E00204
P1839,E07362
P1840,E04828
P1841,E07973
P1842,E03943
P1843,E02227
P1844,E08909
P1845,E08977
P1846,E07020
P1847,E09388
P1848,E00970
P1849,E07464
P1850,E08541
P1851,E02597
P1852,E02256
P1853,E02519
P1854,E03046
P1855,E04648
P1856,E04133
P1857,E03755
P1858,E09635
P1859,E01773
P1860,E01031
P1861,E00299
P1862,E02498
P1863,E02452
P1864,E04178
P1865,E03291
P1866,E09002
P1867,E00300
P1868,E03532
P1869,E04283
P1870,E04952
P1871,E07721
P1872,E04862
P1873,E08120
P1874,E06681
P1875,E09797
P1876,E05089
P1877,E02188
P1878,E03706
P1879,E00831
P1880,E08050
P1881,E09703
P1882,E00589
P1883,E09344
P1884,E03392
P1885,E07446
P1886,E09055
P1887,E01699
P1888,E01436
P1889,E08553
P1890,E09702
P1891,E04640
P1892,E07880
P1893,E00623
P1894,E07041
P1895,E03689
P1896,E01873
P1897,E09650
P1898,E06755
P1899,E08699
P1900,E08804
P1901,E03190
P1902,E01730
P1903,E07161
P1904,E09569
P1905,E01052
P1906,E04394
P1907,E00452
P1908,E02662
P1909,E04819
P1910,E06460
P1911,E03672
P1912,E07123
P1913,E07018
P1914,E01757
P1915,E06732
P1916,E00578
P1917,E09311
P1918,E04327
P1919,E00331
P1920,E04363
P1921,E03389
P1922,E04336
P1923,E06053
P1924,E02620
P1925,E07471
P1926,E00023
P1927,E09136
P1928,E03600
P1929,E01475
P1930,E06118
P1931,E02986
P1932,E03543
P1933,E07764
P1934,E01565
P1935,E02107
P1936,E02738
P1937,E05867
P1938,E09021
P1939,E08852
P1940,E07435
P1941,E06764
P1942,E02562
P1943,E04259
P1944,E03977
P1945,E06367
P1946,E03655
P1947,E08809
P1948,E06256
P1949,E05545
P1950,E06775
P1951,E07862
P1952,E04442
P1953,E02460
P1954,E05031
P1955,E05256
P1956,E08623
P1957,E04250
P1958,E05874
P1959,E04964
P1960,E09906
P1961,E04804
P1962,E04488
P1963,E01635
P1964,E02734
P1965,E06811
P1966,E01181
P1967,E05814
P1968,E03768
P1969,E00233
P1970,E00820
P1971,E00522
P1972,E00712
P1973,E05933
P1974,E03720
P1975,E05249
P1976,E00827
P1977,E06074
P1978,E05555
P1979,E06476
P1980,E07731
P1981,E06234
P1982,E07959
P1983,E08211
P1984,E09014
P1985,E01964
P1986,E05699
P1987,E06170
P1988,E07142
P1989,E08814
P1990,E00309
P1991,E01666
P1992,E03644
P1993,E06023
P1994,E08538
P1995,E07141
P1996,E07872
P1997,E06175
P1998,E05479
P1999,E05972
P2000,E00961
P2001,E02458
P2002,E02894
P2003,E01668
P2004,E06503
P2005,E08539
P2006,E06657
P2007,E00056
P2008,E02807
P2009,E04236
P2010,E02606
P2011,E03682
P2012,E07923
P2013,E07263
P2014,E07523
P2015,E01509
P2016,E01177
P2017,E01638
P2018,E08619
P2019,E02333
P2020,E06039
P2021,E00613
P2022,E02912
P2023,E06925
P2024,E06695
P2025,E01524
P2026,E03601
P2027,E08125
P2028,E07406
P2029,E08487
P2030,E08586
P2031,E01098
P2032,E02624
P2033,E02338
P2034,E04414
P2035,E05566
P2036,E09728
P2037,E01623
P2038,E04800
P2039,E09046
P2040,E04185
P2041,E09962
P2042,E00129
P2043,E09558
P2044,E02578
P2045,E07640
P2046,E03390
P2047,E09211
P2048,E08648
P2049,E03816
P2050,E07630
P2051,E04423
P2052,E07574
P2053,E04538
P2054,E03052
P2055,E04454
P2056,E00482
P2057,E09984
P2058,E03924
P2059,E05011
P2060,E01717
P2061,E04895
P2062,E01023
P2063,E09069
P2064,E02543
P2065,E05926
P2066,E01616
P2067,E00598
P2068,E03226
P2069,E01851
P2070,E01153
P2071,E01080
P2072,E02259
P2073,E00058
P2074,E03315
P2075,E08038
P2076,E09519
P2077,E09790
P2078,E07172
P2079,E06758
P2080,E06770
P2081,E09859
P2082,E04912
P2083,E06930
P2084,E08633
P2085,E00528
P2086,E05222
P2087,E04972
P2088,E07464
P2089,E07337
P2090,E09406
P2091,E04390
P2092,E02244
P2093,E01288
P2094,E06094
P2095,E09686
P2096,E00186
P2097,E02626
P2098,E04602
P2099,E03256
P2100,E04343
P2101,E04907
P2102,E05291
P2103,E05589
P2104,E03269
P2105,E04361
P2106,E01300
P2107,E06295
P2108,E00165
P2109,E04549
P2110,E04878
P2111,E06533
P2112,E02935
P2113,E07628
P2114,E04577
P2115,E06233
P2116,E05877
P2117,E09705
P2118,E08093
P2119,E02236
P2120,E08093
P2121,E08603
P2122,E02402
P2123,E07659
P2124,E08340
P2125,E03340
P2126,E05147
P2127,E04129
P2128,E06670
P2129,E01447
P2130,E03147
P2131,E04423
P2132,E06972
P2133,E01865
P2134,E01458
P2135,E09793
P2136,E02246
P2137,E01534
P2138,E03810
P2139,E06864
P2140,E06132
P2141,E08441
P2142,E08524
P2143,E08148
P2144,E00410
P2145,E06428
P2146,E07733
P2147,E08750
P2148,E02241
P2149,E01560
P2150,E07431
P2151,E03958
P2152,E00070
P2153,E00319
P2154,E00136
P2155,E05540
P2156,E09610
P2157,E08991
P2158,E00625
P2159,E01611
P2160,E09402
P2161,E06206
P2162,E06724
P2163,E03737
P2164,E00858
P2165,E05202
P2166,E04396
P2167,E06399
P2168,E07850
P2169,E09918
P2170,E07208
P2171,E07660
P2172,E09977
P2173,E05525
P2174,E08703
P2175,E08266
P2176,E01031
P2177,E04131
P2178,E02392
P2179,E07309
P2180,E06904
P2181,E08184
P2182,E06499
P2183,E08148
P2184,E00067
P2185,E01314
P2186,E07578
P2187,E08654
P2188,E05414
P2189,E04891
P2190,E01809
P2191,E04767
P2192,E04091
P2193,E01038
P2194,E08940
P2195,E03911
P2196,E07114
P2197,E06133
P2198,E00777
P2199,E09103
P2200,E02080
P2201,E07166
P2202,E05507
P2203,E09964
P2204,E04569
P2205,E07641
P2206,E07050
P2207,E00578
P2208,E04337
P2209,E00246
P2210,E02722
P2211,E00376
P2212,E01324
P2213,E03228
P2214,E04719
P2215,E01364
P2216,E03401
P2217,E04149
P2218,E02053
P2219,E09260
P2220,E08945
P2221,E04173
P2222,E04077
P2223,E01177
P2224,E03339
P2225,E08099
P2226,E01726
P2227,E08668
P2228,E07448
P2229,E03518
P2230,E04602
P2231,E09422
P2232,E02378
P2233,E03725
P2234,E00560
P2235,E03722
P2236,E06195
P2237,E06388
P2238,E09262
P2239,E08920
P2240,E02727
P2241,E04953
P2242,E07977
P2243,E08119
P2244,E06790
P2245,E06366
P2246,E05676
P2247,E06561
P2248,E01262
P2249,E09014
P2250,E02742
P2251,E01495
P2252,E02060
P2253,E04982
P2254,E01201
P2255,E06175
P2256,E00727
P2257,E06521
P2258,E09059
P2259,E06261
P2260,E05787
P2261,E06020
P2262,E03644
P2263,E02819
P2264,E01994
P2265,E09820
P2266,E09259
P2267,E06546
P2268,E03342
P2269,E03335
P2270,E01152
P2271,E06970
P2272,E09041
P2273,E04395
P2274,E00187
P2275,E05535
P2276,E04601
P2277,E04070
P2278,E02188
P2279,E06005
P2280,E02873
P2281,E09640
P2282,E02912
P2283,E04119
P2284,E06382
P2285,E09708
P2286,E00821
P2287,E02549
P2288,E00194
P2289,E05609
P2290,E09659
P2291,E07824
P2292,E00585
P2293,E04984
P2294,E08738
P2295,E02931
P2296,E01710
P2297,E01291
P2298,E03741
P2299,E04268
P2300,E06786
P2301,E01470
P2302,E00473
P2303,E00695
P2304,E03959
P2305,E04686
P2306,E06521
P2307,E09574
P2308,E03568
P2309,E00752
P2310,E03508
P2311,E02248
P2312,E00941
P2313,E06856
P2314,E08979
P2315,E01068
P2316,E04419
P2317,E08045
P2318,E05888
P2319,E02504
P2320,E04983
P2321,E05568
P2322,E06316
P2323,E06944
P2324,E05110
P2325,E06624
P2326,E00556
P2327,E00117
P2328,E02422
P2329,E09258
P2330,E07128
P2331,E01065
P2332,E06761
P2333,E00468
P2334,E09792
P2335,E01305
P2336,E03370
P2337,E02507
P2338,E04136
P2339,E04850
P2340,E03991
P2341,E03839
P2342,E06805
P2343,E07620
P2344,E08131
P2345,E01993
P2346,E05287
P2347,E08033
P2348,E01764
P2349,E05744
P2350,E01234
P2351,E09533
P2352,E04922
P2353,E09722
P2354,E03851
P2355,E01962
P2356,E00103
P2357,E07154
P2358,E04535
P2359,E08589
P2360,E01752
P2361,E07380
P2362,E03896
P2363,E00234
P2364,E03261
P2365,E03989
P2366,E06475
P2367,E06674
P2368,E08891
P2369,E03370
P2370,E08377
P2371,E07588
P2372,E07156
P2373,E08081
P2374,E04532
P2375,E09415
P2376,E09070
P2377,E02383
P2378,E01040
P2379,E05551
P2380,E09980
P2381,E07757
P2382,E04677
P2383,E04975
P2384,E04580
P2385,E01347
P2386,E00874
P2387,E06919
P2388,E06127
P2389,E00029
P2390,E01925
P2391,E05926
P2392,E06092
P2393,E00857
P2394,E00420
P2395,E09342
P2396,E01802
P2397,E09945
P2398,E05131
P2399,E07469
P2400,E01878
P2401,E03582
P2402,E02374
P2403,E08295
P2404,E08219
P2405,E01787
P2406,E05256
P2407,E09002
P2408,E04495
P2409,E06391
P2410,E00396
P2411,E05889
P2412,E07215
P2413,E04630
P2414,E04234
P2415,E09255
P2416,E08232
P2417,E04874
P2418,E01623
P2419,E00739
P2420,E03575
P2421,E00712
P2422,E03117
P2423,E04880
P2424,E08002
P2425,E05210
P2426,E00592
P2427,E09798
P2428,E04313
P2429,E00067
P2430,E05176
P2431,E02564
P2432,E05708
P2433,E03654
P2434,E09079
P2435,E05966
P2436,E04397
P2437,E06585
P2438,E05037
P2439,E05905
P2440,E09763
P2441,E00860
P2442,E01475
P2443,E06230
P2444,E02670
P2445,E07740
P2446,E09457
P2447,E04757
P2448,E02012
P2449,E01614
P2450,E02073
P2451,E09897
P2452,E00276
P2453,E06850
P2454,E02042
P2455,E06910
P2456,E08959
P2457,E01182
P2458,E03865
P2459,E03480
P2460,E09138
P2461,E02942
P2462,E09065
P2463,E06264
P2464,E06218
P2465,E00379
P2466,E06285
P2467,E01688
P2468,E03188
P2469,E03634
P2470,E04966
P2471,E00927
P2472,E04974
P2473,E03675
P2474,E00074
P2475,E03884
P2476,E03117
P2477,E01048
P2478,E02847
P2479,E06156
P2480,E08181
P2481,E03291
P2482,E03968
P2483,E05437
P2484,E03649
P2485,E02331
P2486,E02887
P2487,E08722
P2488,E03248
P2489,E00564
P2490,E09417
P2491,E03978
P2492,E02541
P2493,E02121
P2494,E07016
P2495,E09016
P2496,E07397
P2497,E03371
P2498,E08233
P2499,E05457
P2500,E07438
P2501,E08010
P2502,E07503
P2503,E06498
P2504,E01664
P2505,E05190
P2506,E03452
P2507,E08676
P2508,E02477
P2509,E09703
P2510,E05093
P2511,E03160
P2512,E03671
P2513,E00415
P2514,E07198
P2515,E02247
P2516,E03857
P2517,E04090
P2518,E00286
P2519,E09653
P2520,E02698
P2521,E05649
P2522,E07797
P2523,E06768
P2524,E00720
P2525,E02918
P2526,E01579
P2527,E01290
P2528,E08571
P2529,E06689
P2530,E00285
P2531,E00838
P2532,E05808
P2533,E02349
P2534,E03795
P2535,E08299
P2536,E04318
P2537,E00301
P2538,E04004
P2539,E05113
P2540,E03666
P2541,E00794
P2542,E00422
P2543,E04726
P2544,E08431
P2545,E00908
P2546,E06876
P2547,E05150
P2548,E00933
P2549,E00687
P2550,E02915
P2551,E04544
P2552,E01624
P2553,E01784
P2554,E08165
P2555,E01494
P2556,E00554
P2557,E05806
P2558,E05317
P2559,E05825
P2560,E07432
P2561,E04278
P2562,E09099
P2563,E07711
P2564,E03408
P2565,E01770
P2566,E08459
P2567,E05543
P2568,E02255
P2569,E00007
P2570,E03472
P2571,E05164
P2572,E01460
P2573,E06607
P2574,E04535
P2575,E08094
P2576,E00572
P2577,E04891
P2578,E06936
P2579,E02834
P2580,E01222
P2581,E08215
P2582,E03007
P2583,E00362
P2584,E09739
P2585,E09285
P2586,E09861
P2587,E03643
P2588,E01240
P2589,E01835
P2590,E06868
P2591,E04773
P2592,E03573
P2593,E00456
P2594,E06469
P2595,E08955
P2596,E01488
P2597,E01863
P2598,E06028
P2599,E05759
P2600,E05653
P2601,E05201
P2602,E07624
P2603,E09174
P2604,E06582
P2605,E06922
P2606,E01329
P2607,E00509
P2608,E02709
P2609,E03783
P2610,E08217
P2611,E07064
P2612,E05870
P2613,E06484
P2614,E01017
P2615,E07075
P2616,E06197
P2617,E01649
P2618,E05659
P2619,E03819
P2620,E08798
P2621,E06625
P2622,E06689
P2623,E00795
P2624,E06113
P2625,E07836
P2626,E09359
P2627,E05127
P2628,E09234
P2629,E00948
P2630,E02140
P2631,E00740
P2632,E06392
P2633,E03243
P2634,E03553
P2635,E09582
P2636,E02937
P2637,E03264
P2638,E04776
P2639,E06789
P2640,E04378
P2641,E06173
P2642,E03820
P2643,E00356
P2644,E09739
P2645,E06930
P2646,E04961
P2647,E03845
P2648,E03430
P2649,E08187
P2650,E02087
P2651,E03596
P2652,E05712
P2653,E05168
P2654,E05899
P2655,E03497
P2656,E09990
P2657,E05961
P2658,E07476
P2659,E01495
P2660,E07119
P2661,E01492
P2662,E09359
P2663,E08744
P2664,E04285
P2665,E03232
P2666,E01081
P2667,E08762
P2668,E05133
P2669,E09111
P2670,E09236
P2671,E01972
P2672,E07743
P2673,E03951
P2674,E03218
P2675,E07152
P2676,E01483
P2677,E09810
P2678,E01014
P2679,E09811
P2680,E02734
P2681,E04616
P2682,E03004
P2683,E03847
P2684,E01753
P2685,E07199
P2686,E08665
P2687,E06989
P2688,E07882
P2689,E06876
P2690,E08725
P2691,E07760
P2692,E09840
P2693,E02771
P2694,E05814
P2695,E05530
P2696,E05590
P2697,E08384
P2698,E03656
P2699,E01958
P2700,E09992
P2701,E01853
P2702,E03377
P2703,E06242
P2704,E09807
P2705,E04230
P2706,E02286
P2707,E03262
P2708,E08072
P2709,E01101
P2710,E06680
P2711,E05870
P2712,E02361
P2713,E01271
P2714,E00234
P2715,E06911
P2716,E07021
P2717,E04546
P2718,E05718
P2719,E09093
P2720,E03192
P2721,E08921
P2722,E07248
P2723,E08535
P2724,E01099
P2725,E04335
P2726,E09108
P2727,E00919
P2728,E01401
P2729,E02822
P2730,E09608
P2731,E01057
P2732,E09184
P2733,E06905
P2734,E09624
P2735,E09665
P2736,E00503
P2737,E04215
P2738,E03558
P2739,E08861
P2740,E09161
P2741,E00776
P2742,E03445
P2743,E03227
P2744,E02782
P2745,E01096
P2746,E03354
P2747,E00955
P2748,E05528
P2749,E00585
P2750,E01451
P2751,E05894
P2752,E01332
P2753,E02705
P2754,E08846
P2755,E04606
P2756,E09803
P2757,E00981
P2758,E00837
P2759,E04291
P2760,E05233
P2761,E05637
P2762,E03250
P2763,E09437
P2764,E00599
P2765,E01618
P2766,E04929
P2767,E01999
P2768,E01103
P2769,E00469
P2770,E09829
P2771,E02421
P2772,E02465
P2773,E05056
P2774,E05519
P2775,E09452
P2776,E01947
P2777,E06629
P2778,E09227
P2779,E04210
P2780,E08059
P2781,E05881
P2782,E05089
P2783,E04757
P2784,E02373
P2785,E06830
P2786,E01633
P2787,E07977
P2788,E04161
P2789,E03734
P2790,E01904
P2791,E06402
P2792,E02081
P2793,E07719
P2794,E02516
P2795,E04895
P2796,E01742
P2797,E07800
P2798,E07937
P2799,E09794
P2800,E04374
P2801,E05008
P2802,E01695
P2803,E05783
P2804,E02476
P2805,E04730
P2806,E02099
P2807,E07228
P2808,E02932
P2809,E09155
P2810,E05598
P2811,E08925
P2812,E06735
P2813,E05195
P2814,E07452
P2815,E07684
P2816,E08375
P2817,E09828
P2818,E06046
P2819,E01222
P2820,E02433
P2821,E01949
P2822,E06959
P2823,E02696
P2824,E09231
P2825,E02950
P2826,E09942
P2827,E09415
P2828,E09354
P2829,E02317
P2830,E04293
P2831,E01514
P2832,E03318
P2833,E06869
P2834,E05324
P2835,E05416
P2836,E05948
P2837,E07458
P2838,E06051
P2839,E00012
P2840,E03171
P2841,E07015
P2842,E05793
P2843,E04338
P2844,E02027
P2845,E04922
P2846,E08800
P2847,E07382
P2848,E09525
P2849,E08243
P2850,E02059
P2851,E02379
P2852,E07903
P2853,E03307
P2854,E03254
P2855,E06405
P2856,E06799
P2857,E04750
P2858,E00823
P2859,E06499
P2860,E03978
P2861,E03795
P2862,E05528
P2863,E05981
P2864,E03353
P2865,E05719
P2866,E06941
P2867,E08719
P2868,E05483
P2869,E01682
P2870,E08047
P2871,E01686
P2872,E07745
P2873,E01187
P2874,E03886
P2875,E04649
P2876,E09906
P2877,E01785
P2878,E06100
P2879,E01825
P2880,E00617
P2881,E02882
P2882,E03510
P2883,E00885
P2884,E09483
P2885,E00583
P2886,E03715
P2887,E04979
P2888,E04927
P2889,E00961
P2890,E04798
P2891,E00120
P2892,E05399
P2893,E02377
P2894,E09193
P2895,E05540
P2896,E06976
P2897,E03088
P2898,E09719
P2899,E00658
P2900,E01970
P2901,E01060
P2902,E04419
P2903,E03119
P2904,E05213
P2905,E02062
P2906,E03210
P2907,E01969
P2908,E05912
P2909,E02542
P2910,E09243
P2911,E08984
P2912,E01394
P2913,E03349
P2914,E05649
P2915,E04201
P2916,E00286
P2917,E06815
P2918,E07236
P2919,E01241
P2920,E03065
P2921,E03380
P2922,E00974
P2923,E09205
P2924,E07741
P2925,E06014
P2926,E07004
P2927,E04237
P2928,E02409
P2929,E00015
P2930,E04706
P2931,E08772
P2932,E09138
P2933,E02613
P2934,E03502
P2935,E00792
P2936,E01547
P2937,E00671
P2938,E01193
P2939,E01923
P2940,E03808
P2941,E01742
P2942,E05954
P2943,E05314
P2944,E09251
P2945,E04862
P2946,E06140
P2947,E09784
P2948,E03635
P2949,E01115
P2950,E03732
P2951,E05729
P2952,E06554
P2953,E02252
P2954,E09145
P2955,E05118
P2956,E03707
P2957,E07556
P2958,E05174
P2959,E03275
P2960,E04196
P2961,E08326
P2962,E09378
P2963,E07566
P2964,E06665
P2965,E08065
P2966,E09283
P2967,E08350
P2968,E03592
P2969,E06759
P2970,E00266
P2971,E08879
P2972,E06874
P2973,E07615
P2974,E03975
P2975,E06661
P2976,E04505
P2977,E05008
P2978,E02578
P2979,E04678
P2980,E02534
P2981,E04847
P2982,E07760
P2983,E00275
P2984,E06034
P2985,E00724
P2986,E00531
P2987,E08213
P2988,E04591
P2989,E01058
P2990,E01858
P2991,E05728
P2992,E05312
P2993,E04111
P2994,E09843
P2995,E05364
P2996,E01264
P2997,E02972
P2998,E04161
P2999,E05737
P3000,E06193
P3001,E07627
P3002,E08738
P3003,E09907
P3004,E01225
P3005,E04113
P3006,E06657
P3007,E04001
P3008,E04462
P3009,E09774
P3010,E09062
P3011,E09368
P3012,E08733
P3013,E05433
P3014,E05115
P3015,E06332
P3016,E06386
P3017,E03654
P3018,E00061
P3019,E02786
P3020,E02377
P3021,E03465
P3022,E01188
P3023,E01675
P3024,E00009
P3025,E07105
P3026,E09348
P3027,E09975
P3028,E03425
P3029,E01656
P3030,E03968
P3031,E00464
P3032,E08005
P3033,E08467
P3034,E01068
P3035,E04101
P3036,E01907
P3037,E03296
P3038,E00791
P3039,E05672
P3040,E07810
P3041,E03980
P3042,E02570
P3043,E02963
P3044,E00217
P3045,E07504
P3046,E03330
P3047,E02809
P3048,E08706
P3049,E01560
P3050,E01327
P3051,E00554
P3052,E09635
P3053,E09101
P3054,E08278
P3055,E09381
P3056,E05697
P3057,E05568
P3058,E08054
P3059,E08500
P3060,E08837
P3061,E03315
P3062,E03354
P3063,E05462
P3064,E00604
P3065,E02892
P3066,E02901
P3067,E01242
P3068,E08499
P3069,E00350
P3070,E07844
P3071,E06685
P3072,E09360
P3073,E06360
P3074,E03334
P3075,E09051
P3076,E09037
P3077,E05232
P3078,E06705
P3079,E04943
P3080,E06220
P3081,E04941
P3082,E08000
P3083,E03756
P3084,E06827
P3085,E07478
P3086,E03733
P3087,E00347
P3088,E01771
P3089,E09604
P3090,E09732
P3091,E06658
P3092,E04607
P3093,E03455
P3094,E01302
P3095,E09410
P3096,E02048
P3097,E04540
P3098,E04278
P3099,E03617
P3100,E02656
P3101,E01286
P3102,E04105
P3103,E00617
P3104,E06467
P3105,E01156
P3106,E07417
P3107,E05162
P3108,E01212
P3109,E06308
P3110,E04026
P3111,E05674
P3112,E04440
P3113,E01670
P3114,E09854
P3115,E07649
P3116,E07456
P3117,E04861
P3118,E03557
P3119,E05695
P3120,E04111
P3121,E01672
P3122,E05612
P3123,E00228
P3124,E09201
P3125,E08483
P3126,E07889
P3127,E03666
P3128,E06262
P3129,E05617
P3130,E04617
P3131,E04080
P3132,E07578
P3133,E01098
P3134,E08188
P3135,E01936
P3136,E02944
P3137,E02920
P3138,E08362
P3139,E06099
P3140,E08798
P3141,E03312
P3142,E06690
P3143,E05638
P3144,E01346
P3145,E09208
P3146,E06052
P3147,E03842
P3148,E07658
P3149,E09994
P3150,E07639
P3151,E06395
P3152,E04624
P3153,E06860
P3154,E01315
P3155,E02544
P3156,E00180
P3157,E09482
P3158,E04779
P3159,E00267
P3160,E04569
P3161,E06289
P3162,E06049
P3163,E08559
P3164,E03405
P3165,E08144
P3166,E07788
P3167,E05601
P3168,E08852
P3169,E03414
P3170,E08277
P3171,E04435
P3172,E02793
P3173,E09757
P3174,E01412
P3175,E06421
P3176,E06844
P3177,E03407
P3178,E09182
P3179,E08132
P3180,E03959
P3181,E09722
P3182,E04010
P3183,E02783
P3184,E04334
P3185,E07457
P3186,E07151
P3187,E06391
P3188,E00998
P3189,E00053
P3190,E09867
P3191,E03837
P3192,E09444
P3193,E01107
P3194,E02503
P3195,E08267
P3196,E03084
P3197,E05526
P3198,E00241
P3199,E02649
P3200,E06090
P3201,E00942
P3202,E07536
P3203,E08067
P3204,E09709
P3205,E04940
P3206,E05206
P3207,E04948
P3208,E03232
P3209,E06710
P3210,E02673
P3211,E08127
P3212,E06224
P3213,E04658
P3214,E04584
P3215,E03783
P3216,E04306
P3217,E09382
P3218,E03873
P3219,E06393
P3220,E05685
P3221,E07420
P3222,E06715
P3223,E06677
P3224,E05114
P3225,E08627
P3226,E04075
P3227,E04954
P3228,E00611
P3229,E04240
P3230,E06783
P3231,E03106
P3232,E07884
P3233,E07535
P3234,E08796
P3235,E08660
P3236,E01387
P3237,E09258
P3238,E00867
P3239,E01008
P3240,E02000
P3241,E02680
P3242,E09314
P3243,E08308
P3244,E06504
P3245,E06920
P3246,E08349
P3247,E01537
P3248,E06526
P3249,E07564
P3250,E06347
P3251,E00007
P3252,E07291
P3253,E04013
P3254,E07772
P3255,E06539
P3256,E04565
P3257,E09918
P3258,E05392
P3259,E01751
P3260,E00673
P3261,E03851
P3262,E02678
P3263,E08222
P3264,E00421
P3265,E08643
P3266,E02226
P3267,E04589
P3268,E04906
P3269,E06293
P3270,E06618
P3271,E09709
P3272,E05872
P3273,E03833
P3274,E08775
P3275,E00593
P3276,E06088
P3277,E00363
P3278,E06152
P3279,E07249
P3280,E08458
P3281,E03956
P3282,E04590
P3283,E06919
P3284,E05598
P3285,E03187
P3286,E06652
P3287,E05934
P3288,E02570
P3289,E05175
P3290,E02760
P3291,E08632
P3292,E06614
P3293,E03616
P3294,E07153
P3295,E08261
P3296,E05855
P3297,E08003
P3298,E07795
P3299,E01249
P3300,E09446
P3301,E08477
P3302,E00604
P3303,E07304
P3304,E06126
P3305,E09805
P3306,E00667
P3307,E09632
P3308,E00208
P3309,E05364
P3310,E05136
P3311,E07207
P3312,E04592
P3313,E07841
P3314,E07875
P3315,E02646
P3316,E01627
P3317,E01011
P3318,E05670
P3319,E09505
P3320,E03320
P3321,E04178
P3322,E06540
P3323,E05013
P3324,E05779
P3325,E04683
P3326,E06795
P3327,E01498
P3328,E09837
P3329,E00649
P3330,E08646
P3331,E09145
P3332,E00699
P3333,E01611
P3334,E02314
P3335,E01934
P3336,E06952
P3337,E01041
P3338,E07406
P3339,E04729
P3340,E07038
P3341,E04849
P3342,E02895
P3343,E04830
P3344,E03793
P3345,E09393
P3346,E06984
P3347,E09938
P3348,E07801
P3349,E08955
P3350,E03504
P3351,E00275
P3352,E04648
P3353,E06632
P3354,E09558
P3355,E09949
P3356,E08159
P3357,E01952
P3358,E00289
P3359,E05147
P3360,E01768
P3361,E03091
P3362,E01632
P3363,E09674
P3364,E03261
P3365,E02396
P3366,E07106
P3367,E09735
P3368,E08826
P3369,E00216
P3370,E01933
P3371,E04118
P3372,E03914
P3373,E07458
P3374,E01516
P3375,E06673
P3376,E04317
P3377,E04399
P3378,E00370
P3379,E08082
P3380,E03874
P3381,E07167
P3382,E00488
P3383,E01010
P3384,E06376
P3385,E01144
P3386,E06776
P3387,E00248
P3388,E03368
P3389,E09043
P3390,E02446
P3391,E09427
P3392,E08678
P3393,E01161
P3394,E08583
P3395,E04110
P3396,E00203
P3397,E01144
P3398,E07887
P3399,E01939
P3400,E03193
P3401,E02456
P3402,E06016
P3403,E00219
P3404,E05909
P3405,E07544
P3406,E00009
P3407,E01540
P3408,E09734
P3409,E08412
P3410,E02780
P3411,E02764
P3412,E07781
P3413,E04086
P3414,E07608
P3415,E04771
P3416,E07623
P3417,E07608
P3418,E04624
P3419,E01889
P3420,E02160
P3421,E05740
P3422,E00186
P3423,E08457
P3424,E00465
P3425,E06367
P3426,E05682
P3427,E00614
P3428,E04388
P3429,E05046
P3430,E03726
P3431,E05258
P3432,E06639
P3433,E07774
P3434,E08226
P3435,E05920
P3436,E03099
P3437,E08507
P3438,E07597
P3439,E06209
P3440,E04331
P3441,E08799
P3442,E07954
P3443,E04255
P3444,E01533
P3445,E07280
P3446,E06637
P3447,E00200
P3448,E09815
P3449,E01169
P3450,E04181
P3451,E05729
P3452,E06089
P3453,E00703
P3454,E09469
P3455,E01671
P3456,E04714
P3457,E08434
P3458,E00984
P3459,E07815
P3460,E09026
P3461,E01405
P3462,E00408
P3463,E06144
P3464,E02334
P3465,E08386
P3466,E07402
P3467,E00962
P3468,E02260
P3469,E07365
P3470,E06446
P3471,E01563
P3472,E02885
P3473,E06143
P3474,E01678
P3475,E06955
P3476,E05729
P3477,E01989
P3478,E03386
P3479,E05256
P3480,E07715
P3481,E08008
P3482,E02120
P3483,E03749
P3484,E08015
P3485,E02250
P3486,E00648
P3487,E01640
P3488,E02077
P3489,E05972
P3490,E08275
P3491,E06744
P3492,E02711
P3493,E00028
P3494,E05295
P3495,E01956
P3496,E01120
P3497,E06938
P3498,E04321
P3499,E02919
P3500,E06253
P3501,E00032
P3502,E02113
P3503,E06766
P3504,E02706
P3505,E09566
P3506,E01316
P3507,E02710
P3508,E08400
P3509,E05316
P3510,E09814
P3511,E08421
P3512,E05638
P3513,E03155
P3514,E02749
P3515,E00636
P3516,E01998
P3517,E04000
P3518,E06137
P3519,E01249
P3520,E02182
P3521,E05339
P3522,E04009
P3523,E09633
P3524,E03307
P3525,E05557
P3526,E09548
P3527,E02560
P3528,E00483
P3529,E02441
P3530,E06107
P3531,E04307
P3532,E04987
P3533,E03464
P3534,E04081
P3535,E04028
P3536,E01521
P3537,E02484
P3538,E05158
P3539,E09895
P3540,E06360
P3541,E04584
P3542,E09836
P3543,E01520
P3544,E00230
P3545,E05589
P3546,E09740
P3547,E03999
P3548,E03389
P3549,E01355
P3550,E02244
P3551,E05592
P3552,E09910
P3553,E01033
P3554,E02709
P3555,E06303
P3556,E07857
P3557,E02856
P3558,E06714
P3559,E07353
P3560,E07441
P3561,E07857
P3562,E06632
P3563,E05387
P3564,E00804
P3565,E07010
P3566,E02296
P3567,E08895
P3568,E03389
P3569,E02404
P3570,E03551
P3571,E00466
P3572,E09677
P3573,E00797
P3574,E05931
P3575,E02966
P3576,E06414
P3577,E04665
P3578,E00379
P3579,E08188
P3580,E08462
P3581,E07008
P3582,E08639
P3583,E07572
P3584,E04430
P3585,E05364
P3586,E05891
P3587,E02487
P3588,E08651
P3589,E09220
P3590,E04105
P3591,E09489
P3592,E01807
P3593,E06451
P3594,E03705
P3595,E02776
P3596,E03095
P3597,E08638
P3598,E04565
P3599,E02463
P3600,E05295
P3601,E03058
P3602,E09373
P3603,E06318
P3604,E05182
P3605,E02852
P3606,E00333
P3607,E08452
P3608,E05925
P3609,E00063
P3610,E07209
P3611,E00332
P3612,E04650
P3613,E09906
P3614,E04543
P3615,E04981
P3616,E00299
P3617,E03902
P3618,E03786
P3619,E07004
P3620,E03688
P3621,E07178
P3622,E02385
P3623,E07064
P3624,E01101
P3625,E06762
P3626,E05654
P3627,E07921
P3628,E09181
P3629,E04921
P3630,E06974
P3631,E00367
P3632,E03216
P3633,E09375
P3634,E00599
P3635,E09634
P3636,E04106
P3637,E01565
P3638,E00397
P3639,E08384
P3640,E03160
P3641,E02467
P3642,E08470
P3643,E07487
P3644,E02526
P3645,E00067
P3646,E07238
P3647,E04108
P3648,E01659
P3649,E02930
P3650,E09310
P3651,E02005
P3652,E07937
P3653,E01371
P3654,E00216
P3655,E01071
P3656,E00714
P3657,E01546
P3658,E04833
P3659,E00487
P3660,E06367
P3661,E04966
P3662,E08239
P3663,E08315
P3664,E04035
P3665,E08760
P3666,E06647
P3667,E07737
P3668,E06703
P3669,E08602
P3670,E04851
P3671,E07553
P3672,E04173
P3673,E08121
P3674,E07617
P3675,E02717
P3676,E01572
P3677,E06134
P3678,E01298
P3679,E09250
P3680,E05543
P3681,E01677
P3682,E05710
P3683,E06987
P3684,E00983
P3685,E02366
P3686,E02635
P3687,E02868
P3688,E06659
P3689,E03443
P3690,E07409
P3691,E04936
P3692,E01157
P3693,E05114
P3694,E06584
P3695,E01431
P3696,E03695
P3697,E09192
P3698,E00176
P3699,E07030
P3700,E09061
P3701,E00070
P3702,E03136
P3703,E04025
P3704,E02528
P3705,E03817
P3706,E06502
P3707,E01669
P3708,E06381
P3709,E05092
P3710,E03800
P3711,E01003
P3712,E02999
P3713,E06490
P3714,E03669
P3715,E04949
P3716,E04528
P3717,E05882
P3718,E02774
P3719,E09571
P3720,E02308
P3721,E04380
P3722,E01821
P3723,E00397
P3724,E08232
P3725,E07038
P3726,E08293
P3727,E02953
P3728,E06167
P3729,E00052
P3730,E06656
P3731,E09501
P3732,E03200
P3733,E09742
P3734,E04376
P3735,E00447
P3736,E04792
P3737,E06867
P3738,E09753
P3739,E08398
P3740,E09090
P3741,E02672
P3742,E02462
P3743,E05156
P3744,E04849
P3745,E08234
P3746,E03652
P3747,E01372
P3748,E09234
P3749,E08969
P3750,E02292
P3751,E07993
P3752,E09635
P3753,E08638
P3754,E07598
P3755,E04894
P3756,E01111
P3757,E08066
P3758,E07739
P3759,E04657
P3760,E08870
P3761,E00876
P3762,E00001
P3763,E04509
P3764,E06693
P3765,E02284
P3766,E02987
P3767,E07897
P3768,E09215
P3769,E00959
P3770,E02059
P3771,E04512
P3772,E09712
P3773,E02078
P3774,E05063
P3775,E09276
P3776,E02119
P3777,E06292
P3778,E06695
P3779,E04824
P3780,E06263
P3781,E00481
P3782,E01858
P3783,E03520
P3784,E07584
P3785,E09821
P3786,E01330
P3787,E06057
P3788,E02818
P3789,E08034
P3790,E09973
P3791,E04650
P3792,E03811
P3793,E09327
P3794,E01658
P3795,E09905
P3796,E00590
P3797,E09997
P3798,E08891
P3799,E01232
P3800,E09561
P3801,E05377
P3802,E07568
P3803,E02174
P3804,E07818
P3805,E07990
P3806,E09945
P3807,E03873
P3808,E00064
P3809,E08553
P3810,E00869
P3811,E09566
P3812,E08708
P3813,E05782
P3814,E02632
P3815,E08968
P3816,E01164
P3817,E03194
P3818,E00983
P3819,E02023
P3820,E00528
P3821,E09539
P3822,E05131
P3823,E04365
P3824,E02177
P3825,E02978
P3826,E05623
P3827,E06089
P3828,E03186
P3829,E05661
P3830,E00958
P3831,E08508
P3832,E09283
P3833,E06084
P3834,E04648
P3835,E02517
P3836,E06442
P3837,E02306
P3838,E04035
P3839,E00908
P3840,E04366
P3841,E08261
P3842,E04486
P3843,E07593
P3844,E00185
P3845,E03922
P3846,E06444
P3847,E07073
P3848,E07051
P3849,E03443
P3850,E02661
P3851,E05210
P3852,E02534
P3853,E00417
P3854,E02668
P3855,E00024
P3856,E04651
P3857,E00075
P3858,E06514
P3859,E02397
P3860,E03933
P3861,E01965
P3862,E09471
P3863,E04106
P3864,E09267
P3865,E07892
P3866,E02331
P3867,E04664
P3868,E00961
P3869,E00494
P3870,E00674
P3871,E04379
P3872,E01762
P3873,E00517
P3874,E08707
P3875,E05120
P3876,E07498
P3877,E03164
P3878,E03080
P3879,E00949
P3880,E00669
P3881,E05499
P3882,E07911
P3883,E09920
P3884,E01752
P3885,E01349
P3886,E03210
P3887,E02037
P3888,E05729
P3889,E08924
P3890,E03961
P3891,E07217
P3892,E04902
P3893,E02468
P3894,E07535
P3895,E03754
P3896,E05052
P3897,E09995
P3898,E00551
P3899,E03171
P3900,E08231
P3901,E09938
P3902,E02555
P3903,E04372
P3904,E05850
P3905,E07424
P3906,E07579
P3907,E09753
P3908,E01520
P3909,E09631
P3910,E06239
P3911,E02216
P3912,E08567
P3913,E03856
P3914,E08821
P3915,E00686
P3916,E09303
P3917,E03605
P3918,E04968
P3919,E08094
P3920,E01800
P3921,E06269
P3922,E03150
P3923,E02841
P3924,E04823
P3925,E01701
P3926,E00274
P3927,E04284
P3928,E03057
P3929,E04953
P3930,E08202
P3931,E09853
P3932,E00107
P3933,E09909
P3934,E05661
P3935,E04390
P3936,E03076
P3937,E03499
P3938,E05722
P3939,E01614
P3940,E04099
P3941,E03937
P3942,E02861
P3943,E01248
P3944,E08056
P3945,E08802
P3946,E04131
P3947,E08337
P3948,E03919
P3949,E04404
P3950,E07424
P3951,E08265
P3952,E06019
P3953,E02604
P3954,E05934
P3955,E01574
P3956,E01527
P3957,E04263
P3958,E01235
P3959,E04713
P3960,E03249
P3961,E09471
P3962,E07551
P3963,E06822
P3964,E00571
P3965,E04292
P3966,E02866
P3967,E09833
P3968,E04926
P3969,E09854
P3970,E06225
P3971,E09855
P3972,E03633
P3973,E03097
P3974,E05871
P3975,E09928
P3976,E08002
P3977,E06946
P3978,E07948
P3979,E06761
P3980,E05483
P3981,E06971
P3982,E08388
P3983,E06913
P3984,E01562
P3985,E09363
P3986,E03791
P3987,E04475
P3988,E03080
P3989,E05476
P3990,E04442
P3991,E03657
P3992,E02455
P3993,E07348
P3994,E04635
P3995,E08728
P3996,E08115
P3997,E09185
P3998,E09118
P3999,E05466
P4000,E04861
P4001,E07552
P4002,E06190
P4003,E09478
P4004,E01127
P4005,E05057
P4006,E00363
P4007,E08637
P4008,E05894
P4009,E05251
P4010,E07077
P4011,E09146
P4012,E03171
P4013,E03401
P4014,E04205
P4015,E02847
P4016,E01653
P4017,E04425
P4018,E00645
P4019,E03699
P4020,E03938
P4021,E02212
P4022,E06018
P4023,E02591
P4024,E00598
P4025,E04135
P4026,E03612
P4027,E00377
P4028,E04259
P4029,E07877
P4030,E03240
P4031,E01142
P4032,E09571
P4033,E05360
P4034,E01469
P4035,E07863
P4036,E08383
P4037,E08808
P4038,E08402
P4039,E06777
P4040,E04515
P4041,E04091
P4042,E09222
P4043,E01527
P4044,E00255
P4045,E01358
P4046,E01868
P4047,E08878
P4048,E05631
P4049,E05037
P4050,E05140
P4051,E00938
P4052,E09057
P4053,E03683
P4054,E09223
P4055,E04882
P4056,E00006
P4057,E09883
P4058,E04298
P4059,E09982
P4060,E01986
P4061,E01725
P4062,E04542
P4063,E03054
P4064,E07585
P4065,E07428
P4066,E08925
P4067,E09596
P4068,E06165
P4069,E05878
P4070,E08046
P4071,E03934
P4072,E03086
P4073,E00282
P4074,E00431
P4075,E05781
P4076,E04784
P4077,E00546
P4078,E07295
P4079,E02593
P4080,E08586
P4081,E01470
P4082,E09046
P4083,E04794
P4084,E07645
P4085,E00276
P4086,E07650
P4087,E02778
P4088,E06366
P4089,E08413
P4090,E00491
P4091,E06448
P4092,E02403
P4093,E02109
P4094,E09562
P4095,E05771
P4096,E09458
P4097,E09417
P4098,E00188
P4099,E05721
P4100,E03064
P4101,E05545
P4102,E09671
P4103,E08829
P4104,E01862
P4105,E05923
P4106,E06361
P4107,E08449
P4108,E06828
P4109,E06445
P4110,E01751
P4111,E05950
P4112,E03049
P4113,E08357
P4114,E05803
P4115,E03949
P4116,E09082
P4117,E08178
P4118,E02298
P4119,E02970
P4120,E05779
P4121,E01473
P4122,E05969
P4123,E03128
P4124,E00489
P4125,E09946
P4126,E09050
P4127,E08854
P4128,E03582
P4129,E00702
P4130,E03049
P4131,E05815
P4132,E07700
P4133,E01925
P4134,E03771
P4135,E00749
P4136,E02929
P4137,E06121
P4138,E08689
P4139,E08515
P4140,E03990
P4141,E07606
P4142,E02054
P4143,E01581
P4144,E03069
P4145,E09787
P4146,E09016
P4147,E04836
P4148,E05393
P4149,E09973
P4150,E01433
P4151,E07994
P4152,E00836
P4153,E00873
P4154,E09162
P4155,E09347
P4156,E00312
P4157,E02922
P4158,E01140
P4159,E04125
P4160,E09020
P4161,E03946
P4162,E02555
P4163,E06065
P4164,E06641
P4165,E01367
P4166,E04644
P4167,E08594
P4168,E09959
P4169,E08698
P4170,E02740
P4171,E01875
P4172,E03226
P4173,E07765
P4174,E02230
P4175,E06075
P4176,E00575
P4177,E08392
P4178,E06011
P4179,E00586
P4180,E08382
P4181,E09316
P4182,E04234
P4183,E03551
P4184,E08211
P4185,E05882
P4186,E06700
P4187,E09996
P4188,E05149
P4189,E02918
P4190,E04345
P4191,E04967
P4192,E05580
P4193,E09694
P4194,E05083
P4195,E04502
P4196,E01386
P4197,E00642
P4198,E05807
P4199,E05435
P4200,E09377
P4201,E03520
P4202,E01894
P4203,E03376
P4204,E09496
P4205,E07354
P4206,E01241
P4207,E03368
P4208,E06655
P4209,E08227
P4210,E07460
P4211,E08193
P4212,E08673
P4213,E05595
P4214,E09778
P4215,E03933
P4216,E01090
P4217,E05423
P4218,E04696
P4219,E04821
P4220,E04723
P4221,E02607
P4222,E08507
P4223,E08710
P4224,E01061
P4225,E03997
P4226,E00224
P4227,E08728
P4228,E01160
P4229,E07581
P4230,E01316
P4231,E01046
P4232,E00892
P4233,E06770
P4234,E06638
P4235,E02581
P4236,E09412
P4237,E08338
P4238,E03049
P4239,E04998
P4240,E09166
P4241,E04418
P4242,E04452
P4243,E07610
P4244,E09844
P4245,E05687
P4246,E03956
P4247,E09350
P4248,E04114
P4249,E06428
P4250,E09498
P4251,E04676
P4252,E02272
P4253,E01470
P4254,E08964
P4255,E04600
P4256,E02339
P4257,E00334
P4258,E00576
P4259,E09470
P4260,E08110
P4261,E03788
P4262,E07989
P4263,E01388
P4264,E03384
P4265,E00534
P4266,E03375
P4267,E00943
P4268,E00780
P4269,E01699
P4270,E01084
P4271,E05188
P4272,E03309
P4273,E05251
P4274,E05265
P4275,E00419
P4276,E07803
P4277,E03078
P4278,E00791
P4279,E05854
P4280,E00801
P4281,E05928
P4282,E05174
P4283,E06939
P4284,E06773
P4285,E06188
P4286,E03311
P4287,E05520
P4288,E02682
P4289,E05285
P4290,E07014
P4291,E01137
P4292,E01730
P4293,E03356
P4294,E01902
P4295,E04279
P4296,E05410
P4297,E07540
P4298,E02853
P4299,E06725
P4300,E02311
P4301,E04553
P4302,E03016
P4303,E09245
P4304,E09325
P4305,E08919
P4306,E01633
P4307,E04500
P4308,E02877
P4309,E05543
P4310,E01634
P4311,E01037
P4312,E06624
P4313,E03068
P4314,E09718
P4315,E07210
P4316,E08156
P4317,E02014
P4318,E00790
P4319,E07733
P4320,E04468
P4321,E08446
P4322,E03469
P4323,E09973
P4324,E03191
P4325,E03724
P4326,E07251
P4327,E00204
P4328,E06891
P4329,E03583
P4330,E06574
P4331,E01977
P4332,E04184
P4333,E05136
P4334,E00548
P4335,E03436
P4336,E09968
P4337,E05644
P4338,E03799
P4339,E09086
P4340,E01042
P4341,E07917
P4342,E08497
P4343,E08455
P4344,E02787
P4345,E00958
P4346,E00755
P4347,E07165
P4348,E04819
P4349,E06257
P4350,E04975
P4351,E01078
P4352,E00251
P4353,E07236
P4354,E05927
P4355,E06790
P4356,E00046
P4357,E08285
P4358,E03647
P4359,E05020
P4360,E01280
P4361,E02554
P4362,E00886
P4363,E08203
P4364,E08224
P4365,E01156
P4366,E00514
P4367,E08109
P4368,E08290
P4369,E01714
P4370,E06724
P4371,E01180
P4372,E08949
P4373,E06918
P4374,E06889
P4375,E05677
P4376,E09497
P4377,E04121
P4378,E06813
P4379,E03056
P4380,E00212
P4381,E01743
P4382,E05325
P4383,E03062
P4384,E09618
P4385,E02831
P4386,E09728
P4387,E07725
P4388,E02429
P4389,E05924
P4390,E02897
P4391,E01085
P4392,E00378
P4393,E02582
P4394,E03548
P4395,E08619
P4396,E04463
P4397,E05948
P4398,E06537
P4399,E03080
P4400,E08550
P4401,E05148
P4402,E00530
P4403,E07017
P4404,E08332
P4405,E00076
P4406,E08028
P4407,E05743
P4408,E03192
P4409,E01272
P4410,E02755
P4411,E09425
P4412,E00153
P4413,E09753
P4414,E03330
P4415,E02855
P4416,E06715
P4417,E05310
P4418,E07497
P4419,E00544
P4420,E07038
P4421,E02850
P4422,E05124
P4423,E08233
P4424,E01110
P4425,E05537
P4426,E00841
P4427,E03922
P4428,E06744
P4429,E04680
P4430,E04068
P4431,E00918
P4432,E04000
P4433,E05987
P4434,E05494
P4435,E09333
P4436,E00150
P4437,E00733
P4438,E09908
P4439,E08173
P4440,E01206
P4441,E07515
P4442,E03134
P4443,E03309
P4444,E02783
P4445,E08772
P4446,E03529
P4447,E01544
P4448,E02055
P4449,E00126
P4450,E06850
P4451,E00197
P4452,E05299
P4453,E07993
P4454,E01883
P4455,E07625
P4456,E06443
P4457,E07088
P4458,E00750
P4459,E00928
P4460,E03569
P4461,E02808
P4462,E09461
P4463,E08017
P4464,E04184
P4465,E01054
P4466,E03650
P4467,E02852
P4468,E02478
P4469,E01393
P4470,E07820
P4471,E01243
P4472,E00013
P4473,E00770
P4474,E06617
P4475,E09715
P4476,E03993
P4477,E01519
P4478,E04532
P4479,E01797
P4480,E08755
P4481,E03534
P4482,E01675
P4483,E07452
P4484,E01426
P4485,E01807
P4486,E01310
P4487,E03853
P4488,E04129
P4489,E04137
P4490,E07040
P4491,E09624
P4492,E08062
P4493,E09990
P4494,E05551
P4495,E07218
P4496,E04320
P4497,E00675
P4498,E09886
P4499,E01711
P4500,E08860
P4501,E03798
P4502,E05239
P4503,E04283
P4504,E01247
P4505,E09516
P4506,E04213
P4507,E07336
P4508,E00919
P4509,E07298
P4510,E07778
P4511,E09687
P4512,E01078
P4513,E08743
P4514,E02047
P4515,E04392
P4516,E02029
P4517,E09355
P4518,E05729
P4519,E03483
P4520,E02319
P4521,E01328
P4522,E04016
P4523,E06085
P4524,E04478
P4525,E05097
P4526,E01361
P4527,E00112
P4528,E09502
P4529,E08540
P4530,E09276
P4531,E01587
P4532,E06275
P4533,E01818
P4534,E06510
P4535,E05917
P4536,E04749
P4537,E04804
P4538,E01037
P4539,E08876
P4540,E08678
P4541,E07196
P4542,E04218
P4543,E01833
P4544,E00811
P4545,E08642
P4546,E09115
P4547,E05514
P4548,E07833
P4549,E03995
P4550,E01709
P4551,E08235
P4552,E01296
P4553,E04269
P4554,E01845
P4555,E06547
P4556,E05425
P4557,E07575
P4558,E01015
P4559,E00704
P4560,E09725
P4561,E04012
P4562,E03978
P4563,E02519
P4564,E01059
P4565,E01979
P4566,E04687
P4567,E05089
P4568,E05178
P4569,E05206
P4570,E01444
P4571,E08618
P4572,E08895
P4573,E08351
P4574,E07528
P4575,E06532
P4576,E09968
P4577,E07149
P4578,E08719
P4579,E00448
P4580,E03135
P4581,E01571
P4582,E04636
P4583,E03445
P4584,E03764
P4585,E08600
P4586,E00752
P4587,E07141
P4588,E02936
P4589,E09109
P4590,E04601
P4591,E08431
P4592,E00087
P4593,E07890
P4594,E07831
P4595,E00089
P4596,E02863
P4597,E04725
P4598,E05788
P4599,E07122
P4600,E09523
P4601,E04006
P4602,E05970
P4603,E09240
P4604,E07626
P4605,E02952
P4606,E01034
P4607,E03949
P4608,E00336
P4609,E02662
P4610,E06209
P4611,E09286
P4612,E05155
P4613,E04817
P4614,E01134
P4615,E08308
P4616,E06105
P4617,E06339
P4618,E00675
P4619,E09577
P4620,E04596
P4621,E03677
P4622,E02990
P4623,E01208
P4624,E07163
P4625,E05821
P4626,E04110
P4627,E00412
P4628,E04859
P4629,E00815
P4630,E03597
P4631,E06366
P4632,E02466
P4633,E01842
P4634,E01892
P4635,E04538
P4636,E07994
P4637,E08104
P4638,E00517
P4639,E02310
P4640,E04118
P4641,E05091
P4642,E00697
P4643,E06731
P4644,E06728
P4645,E05730
P4646,E09219
P4647,E01284
P4648,E05885
P4649,E02439
P4650,E04269
P4651,E02919
P4652,E03669
P4653,E07102
P4654,E04713
P4655,E04664
P4656,E04255
P4657,E02031
P4658,E06305
P4659,E05016
P4660,E00644
P4661,E03788
P4662,E01953
P4663,E04764
P4664,E07718
P4665,E04887
P4666,E07643
P4667,E07187
P4668,E08944
P4669,E02088
P4670,E07087
P4671,E07371
P4672,E03629
P4673,E03015
P4674,E00601
P4675,E05971
P4676,E06702
P4677,E08673
P4678,E09571
P4679,E00884
P4680,E02921
P4681,E01015
P4682,E05953
P4683,E06052
P4684,E09853
P4685,E06966
P4686,E08308
P4687,E07388
P4688,E04671
P4689,E06069
P4690,E09152
P4691,E06508
P4692,E06781
P4693,E02510
P4694,E00503
P4695,E07245
P4696,E03801
P4697,E09215
P4698,E09372
P4699,E08000
P4700,E06814
P4701,E08978
P4702,E07759
P4703,E02588
P4704,E07339
P4705,E00441
P4706,E02638
P4707,E06274
P4708,E00378
P4709,E08964
P4710,E02738
P4711,E06323
P4712,E08537
P4713,E01279
P4714,E07450
P4715,E07830
P4716,E02072
P4717,E08733
P4718,E04963
P4719,E03069
P4720,E06409
P4721,E03652
P4722,E05415
P4723,E01527
P4724,E06334
P4725,E00065
P4726,E07213
P4727,E01662
P4728,E01719
P4729,E07506
P4730,E07800
P4731,E09816
P4732,E01132
P4733,E09310
P4734,E04335
P4735,E09688
P4736,E06621
P4737,E04001
P4738,E09622
P4739,E06153
P4740,E01397
P4741,E08726
P4742,E05267
P4743,E01464
P4744,E02843
P4745,E03195
P4746,E09222
P4747,E06054
P4748,E01537
P4749,E05968
P4750,E05613
P4751,E06498
P4752,E02071
P4753,E06171
P4754,E09153
P4755,E07372
P4756,E07931
P4757,E03982
P4758,E02087
P4759,E06646
P4760,E03361
P4761,E09990
P4762,E08374
P4763,E01948
P4764,E00071
P4765,E08128
P4766,E01362
P4767,E09914
P4768,E03476
P4769,E05260
P4770,E02148
P4771,E06947
P4772,E07891
P4773,E01721
P4774,E09734
P4775,E05186
P4776,E07614
P4777,E03908
P4778,E05775
P4779,E01855
P4780,E09280
P4781,E01746
P4782,E04826
P4783,E04224
P4784,E05255
P4785,E09417
P4786,E02729
P4787,E03524
P4788,E01089
P4789,E07813
P4790,E05207
P4791,E04639
P4792,E04739
P4793,E08473
P4794,E07100
P4795,E08538
P4796,E05559
P4797,E07130
P4798,E09308
P4799,E05682
P4800,E01165
P4801,E08771
P4802,E00902
P4803,E07293
P4804,E05642
P4805,E06950
P4806,E03461
P4807,E02285
P4808,E03588
P4809,E02397
P4810,E05749
P4811,E09147
P4812,E06273
P4813,E06488
P4814,E05969
P4815,E03777
P4816,E04695
P4817,E05402
P4818,E07286
P4819,E08282
P4820,E06677
P4821,E08049
P4822,E07787
P4823,E01746
P4824,E04528
P4825,E02613
P4826,E02856
P4827,E03546
P4828,E01826
P4829,E06271
P4830,E09944
P4831,E00370
P4832,E01581
P4833,E04238
P4834,E04388
P4835,E07689
P4836,E01782
P4837,E07929
P4838,E04496
P4839,E07753
P4840,E06041
P4841,E04386
P4842,E03151
P4843,E09293
P4844,E09421
P4845,E09857
P4846,E05138
P4847,E08346
P4848,E09956
P4849,E07171
P4850,E01828
P4851,E02293
P4852,E00391
P4853,E07778
P4854,E02641
P4855,E00357
P4856,E07592
P4857,E03877
P4858,E07084
P4859,E07524
P4860,E07194
P4861,E01473
P4862,E09920
P4863,E04597
P4864,E03708
P4865,E09063
P4866,E02215
P4867,E03665
P4868,E07639
P4869,E08943
P4870,E06207
P4871,E01516
P4872,E02378
P4873,E09509
P4874,E07736
P4875,E01140
P4876,E09532
P4877,E09555
P4878,E08412
P4879,E03704
P4880,E05815
P4881,E06042
P4882,E07632
P4883,E03884
P4884,E01954
P4885,E01168
P4886,E01282
P4887,E02928
P4888,E09914
P4889,E06893
P4890,E04080
P4891,E05051
P4892,E07248
P4893,E07602
P4894,E01301
P4895,E09239
P4896,E07825
P4897,E03831
P4898,E03197
P4899,E09245
P4900,E02347
P4901,E06280
P4902,E01930
P4903,E06379
P4904,E09729
P4905,E09398
P4906,E09538
P4907,E09318
P4908,E08127
P4909,E07746
P4910,E02611
P4911,E09180
P4912,E08908
P4913,E06595
P4914,E03590
P4915,E02507
P4916,E04834
P4917,E05905
P4918,E02393
P4919,E02882
P4920,E01787
P4921,E00379
P4922,E05365
P4923,E08922
P4924,E02196
P4925,E06073
P4926,E04149
P4927,E00719
P4928,E06319
P4929,E07605
P4930,E07145
P4931,E07291
P4932,E09040
P4933,E03177
P4934,E06813
P4935,E05864
P4936,E07411
P4937,E00079
P4938,E00279
P4939,E07487
P4940,E08179
P4941,E09653
P4942,E00753
P4943,E04675
P4944,E00708
P4945,E02214
P4946,E00159
P4947,E03397
P4948,E07756
P4949,E01412
P4950,E03455
P4951,E02383
P4952,E07977
P4953,E05381
P4954,E00124
P4955,E07541
P4956,E01114
P4957,E07815
P4958,E04998
P4959,E00310
P4960,E06295
P4961,E01058
P4962,E04134
P4963,E09034
P4964,E09119
P4965,E08959
P4966,E07368
P4967,E03806
P4968,E07399
P4969,E00575
P4970,E00455
P4971,E03769
P4972,E08471
P4973,E06114
P4974,E00640
P4975,E08372
P4976,E05531
P4977,E04537
P4978,E01707
P4979,E04795
P4980,E03218
P4981,E03285
P4982,E00512
P4983,E02168
P4984,E07322
P4985,E08839
P4986,E05482
P4987,E06028
P4988,E08452
P4989,E04962
P4990,E05055
P4991,E04119
P4992,E08280
P4993,E08822
P4994,E01176
P4995,E01949
P4996,E05257
P4997,E01834
P4998,E06687
P4999,E01456
P5000,E01606
